zf,label,seq,group
GKFFSWRSNLTR,0.0,THTGDKSYKCPDNDNSLTHGSSLGISKGIHREKPYECKECGKFFSWRSNLTRHQLIHTGEKPYECKECGKSFSRSSHLIGHQKTHTGEEPYE,0
GKSFSRSSHLIG,0.0,IHREKPYECKECGKFFSWRSNLTRHQLIHTGEKPYECKECGKSFSRSSHLIGHQKTHTGEEPYECKECGKSFSWFSHLVTHQRTHTGDKLYT,0
GKSFSWFSHLVT,0.0,HTGEKPYECKECGKSFSRSSHLIGHQKTHTGEEPYECKECGKSFSWFSHLVTHQRTHTGDKLYTCNQCGKSFVHSSRLIRHQRTHTGEKPYE,0
GKSFVHSSRLIR,0.0,HTGEEPYECKECGKSFSWFSHLVTHQRTHTGDKLYTCNQCGKSFVHSSRLIRHQRTHTGEKPYECPECGKSFRQSTHLILHQRTHVRVRPYE,0
GKSFRQSTHLIL,0.0,HTGDKLYTCNQCGKSFVHSSRLIRHQRTHTGEKPYECPECGKSFRQSTHLILHQRTHVRVRPYECNECGKSYSQRSHLVVHHRIHTGLKPFE,0
GKSYSQRSHLVV,0.0,HTGEKPYECPECGKSFRQSTHLILHQRTHVRVRPYECNECGKSYSQRSHLVVHHRIHTGLKPFECKDCGKCFSRSSHLYSHQRTHTGEKPYE,0
GKCFSRSSHLYS,0.0,HVRVRPYECNECGKSYSQRSHLVVHHRIHTGLKPFECKDCGKCFSRSSHLYSHQRTHTGEKPYECHDCGKSFSQSSALIVHQRIHTGEKPYE,0
GKSFSQSSALIV,0.0,HTGLKPFECKDCGKCFSRSSHLYSHQRTHTGEKPYECHDCGKSFSQSSALIVHQRIHTGEKPYECCQCGKAFIRKNDLIKHQRIHVGEETYK,0
GKAFIRKNDLIK,0.0,HTGEKPYECHDCGKSFSQSSALIVHQRIHTGEKPYECCQCGKAFIRKNDLIKHQRIHVGEETYKCNQCGIIFSQNSPFIVHQIAHTGEQFLT,0
GIIFSQNSPFIV,0.0,HTGEKPYECCQCGKAFIRKNDLIKHQRIHVGEETYKCNQCGIIFSQNSPFIVHQIAHTGEQFLTCNQCGTALVNTSNLIGYQTNHIRENAY,0
GTALVNTSNLIG,0.0,HVGEETYKCNQCGIIFSQNSPFIVHQIAHTGEQFLTCNQCGTALVNTSNLIGYQTNHIRENAY,0
